<?xml version="1.0" encoding="utf-8"?>
<extension type="module" version="2.5.0" client="site" method="upgrade">
    <name>HHS Digital Media Syndication</name>
    <author>HHS</author>
    <version>2.0.0</version>
    <license>GNU/GPLv3 http://www.gnu.org/licenses/gpl-3.0.html</license>
    <description>A module for selecting and inserting syndicated content.</description>
    <files>
        <filename>mod_content_synd.xml</filename>
        <filename module="mod_content_synd">mod_content_synd.php</filename>
        <filename>index.html</filename>
        <filename>helper.php</filename>
        <filename>tmpl/default.php</filename>
        <filename>tmpl/index.html</filename>
        <filename>models/fields/contentsyndpreview.php</filename>
        <filename>models/fields/jstree.php</filename>
        <filename>html/css/32px.png</filename>
        <filename>html/css/40px.png</filename>
        <filename>html/css/mod_content_synd.css</filename>
        <filename>html/css/throbber.gif</filename>
        <filename>html/css/treestyle.css</filename>
        <filename>html/js/jquery.maskedinput.js</filename>
        <filename>html/js/jquery-1.9.1.js</filename>
        <filename>html/js/jstree.js</filename>
        <filename>html/js/mod_content_synd.js</filename>
        <filename>html/js/jquery-ui.js</filename>
        <filename>html/css/jquery-ui.css</filename>
    </files>
    <config>
        <fields name="params">
            <fieldset name="basic" addfieldpath="/modules/mod_content_synd/models/fields">
                <field
                    name="cdccs_source"
                    type="list"
                    label="Source"
                    description="Syndicate content from this source">
                </field>
                <field
                    name="cdccs_sourceval"
                    type="hidden"
                    default="">
                </field>
                <field
                    name="cdccs_searchtype"
                    type="radio"
                    default="0"
                    label="Select Search Type"
                    description="Search by Metadata or by Url">
                    <option value="0">Metadata</option>
                    <option value="1">Url</option>
                </field>
                <field
                    name="cdccs_fromdate"
                    type="text"
                    label="From Date"
                    class="meta_group"
                    description="Only show titles of content modified since this date">
                </field>
                <field
                    name="cdccs_mediatypes"
                    type="list"
                    multiple="true"
                    label="Media Types"
                    class="meta_group"
                    description="Select media types to filter titles">
                </field>
                <field
                    name="cdccs_mediatypesval"
                    type="hidden"
                    default="">
                </field>
                <field
                    name="cdccs_topictree"
                    type="jstree"
                    label="Topics"
                    default=""
                    class="meta_group"
                    description="Select topics to filter titles">
                </field>
                <field
                    name="cdccs_title"
                    type="list"
                    label="Title"
                    class="meta_group"
                    description="Select a title to preview the syndicated content">
                </field>
                <field
                    name="cdccs_titleval"
                    type="hidden"
                    default="">
                </field>
                <field
                    name="cdccs_url"
                    type="text"
                    label="Url Contains"
                    class="url_group"
                    description="Search for content with urls containing this text">
                </field>
                <field
                    name="cdccs_urlmediaidval"
                    type="hidden"
                    default="">
                </field>
                <field
                    name="cdccs_preview"
                    type="contentsyndpreview"
                    label="Preview"
                    default=""
                    description="Preview content">
                </field>
            </fieldset>
            <fieldset name="advanced">
                <field 
                    name="cdccs_stripimages"
                    type="hidden"
                    value="0">
                </field>
                <field 
                    name="cdccs_stripimages" 
                    type="checkbox" 
                    label="Strip Images" 
                    description="Strip images from returned content" 
                    value="1" 
                    default="0">
                </field>
                <field 
                    name="cdccs_stripscripts"
                    type="hidden"
                    value="0">
                </field>
                <field 
                    name="cdccs_stripscripts" 
                    type="checkbox" 
                    label="Strip Scripts" 
                    description="Strip scripts from returned content" 
                    value="1" 
                    default="0">
                </field>
                <field 
                    name="cdccs_stripanchors"
                    type="hidden"
                    value="0">
                </field>
                <field 
                    name="cdccs_stripanchors" 
                    type="checkbox" 
                    label="Strip Anchors" 
                    description="Strip anchors from returned content" 
                    value="1" 
                    default="0">
                </field>
                <field 
                    name="cdccs_stripcomments"
                    type="hidden"
                    value="0">
                </field>
                <field 
                    name="cdccs_stripcomments" 
                    type="checkbox" 
                    label="Strip Comments" 
                    description="Strip comments from returned content" 
                    value="1" 
                    default="0">
                </field>
                <field 
                    name="cdccs_stripinlinestyles"
                    type="hidden"
                    value="0">
                </field>
                <field 
                    name="cdccs_stripinlinestyles" 
                    type="checkbox" 
                    label="Strip Inline Styles" 
                    description="Strip inline styles from returned content" 
                    value="1" 
                    default="0">
                </field>
                <field 
                    name="cdccs_stripbreaks"
                    type="hidden"
                    value="0">
                </field>
                <field 
                    name="cdccs_stripbreaks" 
                    type="checkbox" 
                    label="Strip Line Breaks" 
                    description="Strip line breaks from returned content" 
                    value="1" 
                    default="0">
                </field>
                <field
                    name="cdccs_imagefloat"
                    type="list"
                    default=""
                    label="Image Float"
                    description="Floats images left or right in some returned content">
                    <option value="">Default</option>
                    <option value="left">Left</option>
                    <option value="right">Right</option>
                </field>
                <field
                    name="cdccs_cssclasses"
                    type="text"
                    label="CSS Classes (comma separated)"
                    description="Comma separated list of CSS classes.  Only content within elements with these classes will be returned.">
                </field>
                <field
                    name="cdccs_ids"
                    type="text"
                    label="Element Ids (comma separated)"
                    description="Comma separated list of element Ids.  Only content within elements with these classes will be returned.">
                </field>
                <field
                    name="cdccs_xpath"
                    type="text"
                    label="XPath"
                    description="An xpath statement defining what should be retrieved from the content">
                </field>
                <field
                    name="cdccs_namespace"
                    type="text"
                    label="Namespace Prefix"
                    description="Used to decorate (prefix) the tags and ids in the results to prevent conflict with existing host page elements">
                </field>
                <field 
                    name="cdccs_linkssamewindow"
                    type="hidden"
                    value="0">
                </field>
                <field 
                    name="cdccs_linkssamewindow" 
                    type="checkbox" 
                    label="Links Open Same Window" 
                    description="Check to have links in content open the same window (default is new window)" 
                    value="1" 
                    default="0">
                </field>
                <field
                    name="cdccs_width"
                    type="text"
                    label="Width"
                    description="Set the width of various media types">
                </field>
                <field
                    name="cdccs_height"
                    type="text"
                    label="Height"
                    description="Set the height of various media types">
                </field>
                <field 
                    name="cdccs_https"
                    type="hidden"
                    value="0">
                </field>
                <field 
                    name="cdccs_https" 
                    type="checkbox" 
                    label="Use HTTPS" 
                    description="If checked, the calls to the source to fetch the content for embedding will use https rather than http" 
                    value="1" 
                    default="0">
                </field>
                <field
                    name="cdccs_encoding"
                    type="list"
                    default=""
                    label="Encoding"
                    description="Encoding for returned content">
                    <option value="">Default</option>
                    <option value="utf-8">UTF-8</option>
                    <option value="iso-8859-1">iso-8859-1</option>
                </field>
            </fieldset>
        </fields>
    </config>
</extension>
